millis,stamp,datetime,motion
999, 1501234398, 2017/7/28 9:33:18, Inactive
1998, 1501234399, 2017/7/28 9:33:19, Inactive
2999, 1501234400, 2017/7/28 9:33:20, Inactive
3999, 1501234401, 2017/7/28 9:33:21, Inactive
4999, 1501234402, 2017/7/28 9:33:22, Inactive
5999, 1501234403, 2017/7/28 9:33:23, Inactive
7000, 1501234404, 2017/7/28 9:33:24, Inactive
7999, 1501234405, 2017/7/28 9:33:25, Inactive
8998, 1501234406, 2017/7/28 9:33:26, Active
9999, 1501234407, 2017/7/28 9:33:27, Active
10999, 1501234408, 2017/7/28 9:33:28, Active
11999, 1501234409, 2017/7/28 9:33:29, Active
12999, 1501234410, 2017/7/28 9:33:30, Active
14000, 1501234411, 2017/7/28 9:33:31, Active
14999, 1501234412, 2017/7/28 9:33:32, Active
16000, 1501234413, 2017/7/28 9:33:33, Active
16999, 1501234414, 2017/7/28 9:33:34, Active
17999, 1501234415, 2017/7/28 9:33:35, Active
18999, 1501234416, 2017/7/28 9:33:36, Active
19999, 1501234417, 2017/7/28 9:33:37, Inactive
20999, 1501234418, 2017/7/28 9:33:38, Inactive
21999, 1501234419, 2017/7/28 9:33:39, Inactive
22999, 1501234420, 2017/7/28 9:33:40, Inactive
23998, 1501234421, 2017/7/28 9:33:41, Inactive
24999, 1501234422, 2017/7/28 9:33:42, Inactive
25999, 1501234423, 2017/7/28 9:33:43, Inactive
26999, 1501234424, 2017/7/28 9:33:44, Inactive
27999, 1501234425, 2017/7/28 9:33:45, Inactive
28999, 1501234426, 2017/7/28 9:33:46, Inactive
30000, 1501234427, 2017/7/28 9:33:47, Inactive
30999, 1501234428, 2017/7/28 9:33:48, Inactive
32000, 1501234429, 2017/7/28 9:33:49, Inactive
32999, 1501234430, 2017/7/28 9:33:50, Inactive
33999, 1501234431, 2017/7/28 9:33:51, Inactive
34998, 1501234432, 2017/7/28 9:33:52, Inactive
35999, 1501234433, 2017/7/28 9:33:53, Inactive
36999, 1501234434, 2017/7/28 9:33:54, Inactive
37999, 1501234435, 2017/7/28 9:33:55, Inactive
39000, 1501234436, 2017/7/28 9:33:56, Inactive
39999, 1501234437, 2017/7/28 9:33:57, Inactive
40999, 1501234438, 2017/7/28 9:33:58, Inactive
41999, 1501234439, 2017/7/28 9:33:59, Inactive
42999, 1501234440, 2017/7/28 9:34:0, Inactive
43999, 1501234441, 2017/7/28 9:34:1, Inactive
44998, 1501234442, 2017/7/28 9:34:2, Inactive
45999, 1501234443, 2017/7/28 9:34:3, Inactive
46999, 1501234444, 2017/7/28 9:34:4, Inactive
48000, 1501234445, 2017/7/28 9:34:5, Inactive
48999, 1501234446, 2017/7/28 9:34:6, Inactive
49999, 1501234447, 2017/7/28 9:34:7, Inactive
50999, 1501234448, 2017/7/28 9:34:8, Inactive
51999, 1501234449, 2017/7/28 9:34:9, Inactive
52999, 1501234450, 2017/7/28 9:34:10, Inactive
53999, 1501234451, 2017/7/28 9:34:11, Inactive
54999, 1501234452, 2017/7/28 9:34:12, Inactive
55999, 1501234453, 2017/7/28 9:34:13, Inactive
56999, 1501234454, 2017/7/28 9:34:14, Inactive
57999, 1501234455, 2017/7/28 9:34:15, Inactive
58999, 1501234456, 2017/7/28 9:34:16, Inactive
59999, 1501234457, 2017/7/28 9:34:17, Active
60999, 1501234458, 2017/7/28 9:34:18, Active
61999, 1501234459, 2017/7/28 9:34:19, Active
62999, 1501234460, 2017/7/28 9:34:20, Active
64000, 1501234461, 2017/7/28 9:34:21, Active
64999, 1501234462, 2017/7/28 9:34:22, Active
65999, 1501234463, 2017/7/28 9:34:23, Active
66999, 1501234464, 2017/7/28 9:34:24, Active
67999, 1501234465, 2017/7/28 9:34:25, Active
68999, 1501234466, 2017/7/28 9:34:26, Active
69999, 1501234467, 2017/7/28 9:34:27, Active
71000, 1501234468, 2017/7/28 9:34:28, Active
71998, 1501234469, 2017/7/28 9:34:29, Active
72999, 1501234470, 2017/7/28 9:34:30, Active
73999, 1501234471, 2017/7/28 9:34:31, Active
74999, 1501234472, 2017/7/28 9:34:32, Active
75999, 1501234473, 2017/7/28 9:34:33, Active
76999, 1501234474, 2017/7/28 9:34:34, Inactive
77999, 1501234475, 2017/7/28 9:34:35, Inactive
78998, 1501234476, 2017/7/28 9:34:36, Inactive
80000, 1501234477, 2017/7/28 9:34:37, Inactive
80999, 1501234478, 2017/7/28 9:34:38, Inactive
81999, 1501234479, 2017/7/28 9:34:39, Inactive
82999, 1501234480, 2017/7/28 9:34:40, Inactive
83999, 1501234481, 2017/7/28 9:34:41, Inactive
84999, 1501234482, 2017/7/28 9:34:42, Inactive
85999, 1501234483, 2017/7/28 9:34:43, Inactive
87000, 1501234484, 2017/7/28 9:34:44, Inactive
87999, 1501234485, 2017/7/28 9:34:45, Inactive
88999, 1501234486, 2017/7/28 9:34:46, Inactive
89999, 1501234487, 2017/7/28 9:34:47, Inactive
90999, 1501234488, 2017/7/28 9:34:48, Inactive
92000, 1501234489, 2017/7/28 9:34:49, Inactive
92999, 1501234490, 2017/7/28 9:34:50, Inactive
93999, 1501234491, 2017/7/28 9:34:51, Inactive
94999, 1501234492, 2017/7/28 9:34:52, Inactive
96000, 1501234493, 2017/7/28 9:34:53, Inactive
96999, 1501234494, 2017/7/28 9:34:54, Inactive
97999, 1501234495, 2017/7/28 9:34:55, Inactive
98999, 1501234496, 2017/7/28 9:34:56, Inactive
99999, 1501234497, 2017/7/28 9:34:57, Inactive
100999, 1501234498, 2017/7/28 9:34:58, Inactive
101999, 1501234499, 2017/7/28 9:34:59, Inactive
103000, 1501234500, 2017/7/28 9:35:0, Inactive
103999, 1501234501, 2017/7/28 9:35:1, Inactive
104999, 1501234502, 2017/7/28 9:35:2, Inactive
105999, 1501234503, 2017/7/28 9:35:3, Inactive
106999, 1501234504, 2017/7/28 9:35:4, Inactive
108000, 1501234505, 2017/7/28 9:35:5, Inactive
108999, 1501234506, 2017/7/28 9:35:6, Inactive
109999, 1501234507, 2017/7/28 9:35:7, Inactive
110999, 1501234508, 2017/7/28 9:35:8, Inactive
112000, 1501234509, 2017/7/28 9:35:9, Inactive
112999, 1501234510, 2017/7/28 9:35:10, Inactive
113999, 1501234511, 2017/7/28 9:35:11, Inactive
114999, 1501234512, 2017/7/28 9:35:12, Inactive
115999, 1501234513, 2017/7/28 9:35:13, Inactive
116999, 1501234514, 2017/7/28 9:35:14, Inactive
117999, 1501234515, 2017/7/28 9:35:15, Inactive
119000, 1501234516, 2017/7/28 9:35:16, Inactive
119999, 1501234517, 2017/7/28 9:35:17, Inactive
120999, 1501234518, 2017/7/28 9:35:18, Active
121999, 1501234519, 2017/7/28 9:35:19, Active
122999, 1501234520, 2017/7/28 9:35:20, Active
124000, 1501234521, 2017/7/28 9:35:21, Active
124999, 1501234522, 2017/7/28 9:35:22, Active
125999, 1501234523, 2017/7/28 9:35:23, Active
126999, 1501234524, 2017/7/28 9:35:24, Active
128000, 1501234525, 2017/7/28 9:35:25, Active
128999, 1501234526, 2017/7/28 9:35:26, Active
129999, 1501234527, 2017/7/28 9:35:27, Active
130999, 1501234528, 2017/7/28 9:35:28, Active
131999, 1501234529, 2017/7/28 9:35:29, Active
132999, 1501234530, 2017/7/28 9:35:30, Active
133999, 1501234531, 2017/7/28 9:35:31, Active
135000, 1501234532, 2017/7/28 9:35:32, Active
135998, 1501234533, 2017/7/28 9:35:33, Active
136999, 1501234534, 2017/7/28 9:35:34, Active
137999, 1501234535, 2017/7/28 9:35:35, Active
138999, 1501234536, 2017/7/28 9:35:36, Active
139999, 1501234537, 2017/7/28 9:35:37, Active
140999, 1501234538, 2017/7/28 9:35:38, Active
142000, 1501234539, 2017/7/28 9:35:39, Active
142999, 1501234540, 2017/7/28 9:35:40, Active
144000, 1501234541, 2017/7/28 9:35:41, Active
144999, 1501234542, 2017/7/28 9:35:42, Inactive
145999, 1501234543, 2017/7/28 9:35:43, Inactive
146999, 1501234544, 2017/7/28 9:35:44, Inactive
147998, 1501234545, 2017/7/28 9:35:45, Inactive
149000, 1501234546, 2017/7/28 9:35:46, Inactive
149999, 1501234547, 2017/7/28 9:35:47, Inactive
151000, 1501234548, 2017/7/28 9:35:48, Inactive
151999, 1501234549, 2017/7/28 9:35:49, Inactive
152999, 1501234550, 2017/7/28 9:35:50, Inactive
153999, 1501234551, 2017/7/28 9:35:51, Inactive
154999, 1501234552, 2017/7/28 9:35:52, Inactive
155999, 1501234553, 2017/7/28 9:35:53, Inactive
156998, 1501234554, 2017/7/28 9:35:54, Inactive
157999, 1501234555, 2017/7/28 9:35:55, Inactive
158999, 1501234556, 2017/7/28 9:35:56, Inactive
159998, 1501234557, 2017/7/28 9:35:57, Inactive
160999, 1501234558, 2017/7/28 9:35:58, Inactive
161998, 1501234559, 2017/7/28 9:35:59, Inactive
162999, 1501234560, 2017/7/28 9:36:0, Inactive
163999, 1501234561, 2017/7/28 9:36:1, Inactive
164999, 1501234562, 2017/7/28 9:36:2, Active
165999, 1501234563, 2017/7/28 9:36:3, Active
167000, 1501234564, 2017/7/28 9:36:4, Active
167999, 1501234565, 2017/7/28 9:36:5, Active
168998, 1501234566, 2017/7/28 9:36:6, Active
169999, 1501234567, 2017/7/28 9:36:7, Active
170999, 1501234568, 2017/7/28 9:36:8, Active
172000, 1501234569, 2017/7/28 9:36:9, Active
172999, 1501234570, 2017/7/28 9:36:10, Inactive
173999, 1501234571, 2017/7/28 9:36:11, Inactive
174999, 1501234572, 2017/7/28 9:36:12, Inactive
176000, 1501234573, 2017/7/28 9:36:13, Active
176999, 1501234574, 2017/7/28 9:36:14, Active
177999, 1501234575, 2017/7/28 9:36:15, Active
178999, 1501234576, 2017/7/28 9:36:16, Active
179999, 1501234577, 2017/7/28 9:36:17, Active
180999, 1501234578, 2017/7/28 9:36:18, Active
181998, 1501234579, 2017/7/28 9:36:19, Active
182999, 1501234580, 2017/7/28 9:36:20, Active
183999, 1501234581, 2017/7/28 9:36:21, Active
184999, 1501234582, 2017/7/28 9:36:22, Active
185999, 1501234583, 2017/7/28 9:36:23, Inactive
186999, 1501234584, 2017/7/28 9:36:24, Inactive
188000, 1501234585, 2017/7/28 9:36:25, Inactive
188999, 1501234586, 2017/7/28 9:36:26, Inactive
189999, 1501234587, 2017/7/28 9:36:27, Inactive
190998, 1501234588, 2017/7/28 9:36:28, Inactive
191998, 1501234589, 2017/7/28 9:36:29, Inactive
192999, 1501234590, 2017/7/28 9:36:30, Inactive
193998, 1501234591, 2017/7/28 9:36:31, Inactive
194999, 1501234592, 2017/7/28 9:36:32, Inactive
195999, 1501234593, 2017/7/28 9:36:33, Inactive
196999, 1501234594, 2017/7/28 9:36:34, Inactive
197998, 1501234595, 2017/7/28 9:36:35, Inactive
199000, 1501234596, 2017/7/28 9:36:36, Inactive
199999, 1501234597, 2017/7/28 9:36:37, Inactive
200999, 1501234598, 2017/7/28 9:36:38, Inactive
201999, 1501234599, 2017/7/28 9:36:39, Active
202999, 1501234600, 2017/7/28 9:36:40, Active
203999, 1501234601, 2017/7/28 9:36:41, Active
204999, 1501234602, 2017/7/28 9:36:42, Active
206000, 1501234603, 2017/7/28 9:36:43, Active
206999, 1501234604, 2017/7/28 9:36:44, Active
208000, 1501234605, 2017/7/28 9:36:45, Active
208999, 1501234606, 2017/7/28 9:36:46, Active
209999, 1501234607, 2017/7/28 9:36:47, Active
210999, 1501234608, 2017/7/28 9:36:48, Active
211998, 1501234609, 2017/7/28 9:36:49, Inactive
213000, 1501234610, 2017/7/28 9:36:50, Inactive
213999, 1501234611, 2017/7/28 9:36:51, Inactive
215000, 1501234612, 2017/7/28 9:36:52, Active
215999, 1501234613, 2017/7/28 9:36:53, Active
216998, 1501234614, 2017/7/28 9:36:54, Active
217998, 1501234615, 2017/7/28 9:36:55, Active
218999, 1501234616, 2017/7/28 9:36:56, Active
219999, 1501234617, 2017/7/28 9:36:57, Active
220999, 1501234618, 2017/7/28 9:36:58, Active
222000, 1501234619, 2017/7/28 9:36:59, Active
222999, 1501234620, 2017/7/28 9:37:0, Active
224000, 1501234621, 2017/7/28 9:37:1, Active
224999, 1501234622, 2017/7/28 9:37:2, Active
225998, 1501234623, 2017/7/28 9:37:3, Active
226999, 1501234624, 2017/7/28 9:37:4, Active
227999, 1501234625, 2017/7/28 9:37:5, Active
229000, 1501234626, 2017/7/28 9:37:6, Active
229999, 1501234627, 2017/7/28 9:37:7, Active
231000, 1501234628, 2017/7/28 9:37:8, Active
231999, 1501234629, 2017/7/28 9:37:9, Active
232999, 1501234630, 2017/7/28 9:37:10, Active
233999, 1501234631, 2017/7/28 9:37:11, Active
234999, 1501234632, 2017/7/28 9:37:12, Active
236000, 1501234633, 2017/7/28 9:37:13, Active
236999, 1501234634, 2017/7/28 9:37:14, Active
237999, 1501234635, 2017/7/28 9:37:15, Active
238999, 1501234636, 2017/7/28 9:37:16, Active
240000, 1501234637, 2017/7/28 9:37:17, Active
240999, 1501234638, 2017/7/28 9:37:18, Active
241999, 1501234639, 2017/7/28 9:37:19, Active
242999, 1501234640, 2017/7/28 9:37:20, Active
243999, 1501234641, 2017/7/28 9:37:21, Active
244999, 1501234642, 2017/7/28 9:37:22, Active
245998, 1501234643, 2017/7/28 9:37:23, Active
247000, 1501234644, 2017/7/28 9:37:24, Active
247999, 1501234645, 2017/7/28 9:37:25, Active
248999, 1501234646, 2017/7/28 9:37:26, Active
249999, 1501234647, 2017/7/28 9:37:27, Active
250999, 1501234648, 2017/7/28 9:37:28, Active
252000, 1501234649, 2017/7/28 9:37:29, Active
252999, 1501234650, 2017/7/28 9:37:30, Active
253999, 1501234651, 2017/7/28 9:37:31, Active
254999, 1501234652, 2017/7/28 9:37:32, Active
255998, 1501234653, 2017/7/28 9:37:33, Active
256999, 1501234654, 2017/7/28 9:37:34, Active
257999, 1501234655, 2017/7/28 9:37:35, Active
258999, 1501234656, 2017/7/28 9:37:36, Active
259999, 1501234657, 2017/7/28 9:37:37, Active
261000, 1501234658, 2017/7/28 9:37:38, Active
261999, 1501234659, 2017/7/28 9:37:39, Active
263000, 1501234660, 2017/7/28 9:37:40, Active
263999, 1501234661, 2017/7/28 9:37:41, Active
264999, 1501234662, 2017/7/28 9:37:42, Active
265999, 1501234663, 2017/7/28 9:37:43, Active
266999, 1501234664, 2017/7/28 9:37:44, Active
267999, 1501234665, 2017/7/28 9:37:45, Active
268998, 1501234666, 2017/7/28 9:37:46, Active
269999, 1501234667, 2017/7/28 9:37:47, Active
270999, 1501234668, 2017/7/28 9:37:48, Inactive
271998, 1501234669, 2017/7/28 9:37:49, Inactive
272998, 1501234670, 2017/7/28 9:37:50, Inactive
273999, 1501234671, 2017/7/28 9:37:51, Inactive
274999, 1501234672, 2017/7/28 9:37:52, Inactive
275999, 1501234673, 2017/7/28 9:37:53, Inactive
276999, 1501234674, 2017/7/28 9:37:54, Inactive
277998, 1501234675, 2017/7/28 9:37:55, Inactive
279000, 1501234676, 2017/7/28 9:37:56, Inactive
279999, 1501234677, 2017/7/28 9:37:57, Inactive
280999, 1501234678, 2017/7/28 9:37:58, Inactive
281999, 1501234679, 2017/7/28 9:37:59, Inactive
282999, 1501234680, 2017/7/28 9:38:0, Inactive
283999, 1501234681, 2017/7/28 9:38:1, Inactive
284999, 1501234682, 2017/7/28 9:38:2, Inactive
286000, 1501234683, 2017/7/28 9:38:3, Active
286999, 1501234684, 2017/7/28 9:38:4, Active
288000, 1501234685, 2017/7/28 9:38:5, Active
288999, 1501234686, 2017/7/28 9:38:6, Active
289998, 1501234687, 2017/7/28 9:38:7, Active
290999, 1501234688, 2017/7/28 9:38:8, Active
291999, 1501234689, 2017/7/28 9:38:9, Active
292999, 1501234690, 2017/7/28 9:38:10, Active
293999, 1501234691, 2017/7/28 9:38:11, Active
295000, 1501234692, 2017/7/28 9:38:12, Active
295999, 1501234693, 2017/7/28 9:38:13, Active
296999, 1501234694, 2017/7/28 9:38:14, Inactive
297999, 1501234695, 2017/7/28 9:38:15, Inactive
298999, 1501234696, 2017/7/28 9:38:16, Inactive
300000, 1501234697, 2017/7/28 9:38:17, Inactive
300999, 1501234698, 2017/7/28 9:38:18, Inactive
301999, 1501234699, 2017/7/28 9:38:19, Inactive
302999, 1501234700, 2017/7/28 9:38:20, Inactive
304000, 1501234701, 2017/7/28 9:38:21, Inactive
304999, 1501234702, 2017/7/28 9:38:22, Inactive
305999, 1501234703, 2017/7/28 9:38:23, Inactive
306999, 1501234704, 2017/7/28 9:38:24, Inactive
307999, 1501234705, 2017/7/28 9:38:25, Inactive
308999, 1501234706, 2017/7/28 9:38:26, Inactive
309999, 1501234707, 2017/7/28 9:38:27, Inactive
310999, 1501234708, 2017/7/28 9:38:28, Inactive
311999, 1501234709, 2017/7/28 9:38:29, Active
312999, 1501234710, 2017/7/28 9:38:30, Active
313998, 1501234711, 2017/7/28 9:38:31, Active
314999, 1501234712, 2017/7/28 9:38:32, Active
315999, 1501234713, 2017/7/28 9:38:33, Active
316999, 1501234714, 2017/7/28 9:38:34, Active
318000, 1501234715, 2017/7/28 9:38:35, Active
318999, 1501234716, 2017/7/28 9:38:36, Active
320000, 1501234717, 2017/7/28 9:38:37, Active
320999, 1501234718, 2017/7/28 9:38:38, Active
321999, 1501234719, 2017/7/28 9:38:39, Active
322999, 1501234720, 2017/7/28 9:38:40, Inactive
323999, 1501234721, 2017/7/28 9:38:41, Inactive
325000, 1501234722, 2017/7/28 9:38:42, Inactive
325999, 1501234723, 2017/7/28 9:38:43, Inactive
327000, 1501234724, 2017/7/28 9:38:44, Inactive
327999, 1501234725, 2017/7/28 9:38:45, Inactive
328998, 1501234726, 2017/7/28 9:38:46, Inactive
329999, 1501234727, 2017/7/28 9:38:47, Inactive
330999, 1501234728, 2017/7/28 9:38:48, Inactive
331999, 1501234729, 2017/7/28 9:38:49, Inactive
332999, 1501234730, 2017/7/28 9:38:50, Inactive
334000, 1501234731, 2017/7/28 9:38:51, Inactive
334999, 1501234732, 2017/7/28 9:38:52, Inactive
336000, 1501234733, 2017/7/28 9:38:53, Inactive
336999, 1501234734, 2017/7/28 9:38:54, Inactive
337999, 1501234735, 2017/7/28 9:38:55, Inactive
338999, 1501234736, 2017/7/28 9:38:56, Inactive
339999, 1501234737, 2017/7/28 9:38:57, Inactive
340999, 1501234738, 2017/7/28 9:38:58, Inactive
341999, 1501234739, 2017/7/28 9:38:59, Inactive
342999, 1501234740, 2017/7/28 9:39:0, Inactive
343999, 1501234741, 2017/7/28 9:39:1, Inactive
344999, 1501234742, 2017/7/28 9:39:2, Inactive
345999, 1501234743, 2017/7/28 9:39:3, Inactive
346999, 1501234744, 2017/7/28 9:39:4, Inactive
347999, 1501234745, 2017/7/28 9:39:5, Inactive
348999, 1501234746, 2017/7/28 9:39:6, Inactive
350000, 1501234747, 2017/7/28 9:39:7, Inactive
350999, 1501234748, 2017/7/28 9:39:8, Inactive
352000, 1501234749, 2017/7/28 9:39:9, Inactive
352999, 1501234750, 2017/7/28 9:39:10, Active
353998, 1501234751, 2017/7/28 9:39:11, Active
354999, 1501234752, 2017/7/28 9:39:12, Active
355999, 1501234753, 2017/7/28 9:39:13, Active
356999, 1501234754, 2017/7/28 9:39:14, Active
357999, 1501234755, 2017/7/28 9:39:15, Active
358999, 1501234756, 2017/7/28 9:39:16, Active
359999, 1501234757, 2017/7/28 9:39:17, Active
360999, 1501234758, 2017/7/28 9:39:18, Active
361999, 1501234759, 2017/7/28 9:39:19, Active
362999, 1501234760, 2017/7/28 9:39:20, Active
363999, 1501234761, 2017/7/28 9:39:21, Active
364999, 1501234762, 2017/7/28 9:39:22, Active
366000, 1501234763, 2017/7/28 9:39:23, Active
366999, 1501234764, 2017/7/28 9:39:24, Active
368000, 1501234765, 2017/7/28 9:39:25, Inactive
368999, 1501234766, 2017/7/28 9:39:26, Inactive
369999, 1501234767, 2017/7/28 9:39:27, Inactive
370999, 1501234768, 2017/7/28 9:39:28, Inactive
371999, 1501234769, 2017/7/28 9:39:29, Inactive
372999, 1501234770, 2017/7/28 9:39:30, Inactive
373999, 1501234771, 2017/7/28 9:39:31, Inactive
375000, 1501234772, 2017/7/28 9:39:32, Inactive
375999, 1501234773, 2017/7/28 9:39:33, Inactive
376999, 1501234774, 2017/7/28 9:39:34, Inactive
377999, 1501234775, 2017/7/28 9:39:35, Inactive
378999, 1501234776, 2017/7/28 9:39:36, Inactive
379999, 1501234777, 2017/7/28 9:39:37, Inactive
380998, 1501234778, 2017/7/28 9:39:38, Inactive
381999, 1501234779, 2017/7/28 9:39:39, Inactive
382999, 1501234780, 2017/7/28 9:39:40, Inactive
383998, 1501234781, 2017/7/28 9:39:41, Inactive
384999, 1501234782, 2017/7/28 9:39:42, Inactive
385999, 1501234783, 2017/7/28 9:39:43, Inactive
386999, 1501234784, 2017/7/28 9:39:44, Inactive
387999, 1501234785, 2017/7/28 9:39:45, Inactive
389000, 1501234786, 2017/7/28 9:39:46, Inactive
389999, 1501234787, 2017/7/28 9:39:47, Inactive
391000, 1501234788, 2017/7/28 9:39:48, Active
391999, 1501234789, 2017/7/28 9:39:49, Active
392999, 1501234790, 2017/7/28 9:39:50, Active
393999, 1501234791, 2017/7/28 9:39:51, Active
394998, 1501234792, 2017/7/28 9:39:52, Active
396000, 1501234793, 2017/7/28 9:39:53, Active
396999, 1501234794, 2017/7/28 9:39:54, Active
397999, 1501234795, 2017/7/28 9:39:55, Active
398999, 1501234796, 2017/7/28 9:39:56, Active
400000, 1501234797, 2017/7/28 9:39:57, Active
400999, 1501234798, 2017/7/28 9:39:58, Active
401999, 1501234799, 2017/7/28 9:39:59, Active
402999, 1501234800, 2017/7/28 9:40:0, Active
403999, 1501234801, 2017/7/28 9:40:1, Active
404999, 1501234802, 2017/7/28 9:40:2, Active
405999, 1501234803, 2017/7/28 9:40:3, Active
407000, 1501234804, 2017/7/28 9:40:4, Active
407999, 1501234805, 2017/7/28 9:40:5, Active
408999, 1501234806, 2017/7/28 9:40:6, Active
409999, 1501234807, 2017/7/28 9:40:7, Active
410999, 1501234808, 2017/7/28 9:40:8, Inactive
411999, 1501234809, 2017/7/28 9:40:9, Inactive
412999, 1501234810, 2017/7/28 9:40:10, Inactive
414000, 1501234811, 2017/7/28 9:40:11, Inactive
414999, 1501234812, 2017/7/28 9:40:12, Inactive
416000, 1501234813, 2017/7/28 9:40:13, Inactive
416999, 1501234814, 2017/7/28 9:40:14, Inactive
417999, 1501234815, 2017/7/28 9:40:15, Inactive
418999, 1501234816, 2017/7/28 9:40:16, Inactive
419999, 1501234817, 2017/7/28 9:40:17, Inactive
421000, 1501234818, 2017/7/28 9:40:18, Inactive
421999, 1501234819, 2017/7/28 9:40:19, Inactive
423000, 1501234820, 2017/7/28 9:40:20, Inactive
423999, 1501234821, 2017/7/28 9:40:21, Inactive
424999, 1501234822, 2017/7/28 9:40:22, Inactive
425999, 1501234823, 2017/7/28 9:40:23, Inactive
426999, 1501234824, 2017/7/28 9:40:24, Inactive
427999, 1501234825, 2017/7/28 9:40:25, Inactive
428998, 1501234826, 2017/7/28 9:40:26, Inactive
429999, 1501234827, 2017/7/28 9:40:27, Inactive
430999, 1501234828, 2017/7/28 9:40:28, Inactive
431998, 1501234829, 2017/7/28 9:40:29, Inactive
432999, 1501234830, 2017/7/28 9:40:30, Inactive
433999, 1501234831, 2017/7/28 9:40:31, Inactive
434999, 1501234832, 2017/7/28 9:40:32, Inactive
435999, 1501234833, 2017/7/28 9:40:33, Inactive
436999, 1501234834, 2017/7/28 9:40:34, Inactive
437999, 1501234835, 2017/7/28 9:40:35, Inactive
439000, 1501234836, 2017/7/28 9:40:36, Inactive
439999, 1501234837, 2017/7/28 9:40:37, Inactive
440999, 1501234838, 2017/7/28 9:40:38, Inactive
441999, 1501234839, 2017/7/28 9:40:39, Inactive
442999, 1501234840, 2017/7/28 9:40:40, Inactive
443999, 1501234841, 2017/7/28 9:40:41, Inactive
444999, 1501234842, 2017/7/28 9:40:42, Inactive
446000, 1501234843, 2017/7/28 9:40:43, Inactive
446999, 1501234844, 2017/7/28 9:40:44, Inactive
447998, 1501234845, 2017/7/28 9:40:45, Inactive
448998, 1501234846, 2017/7/28 9:40:46, Inactive
449999, 1501234847, 2017/7/28 9:40:47, Inactive
450999, 1501234848, 2017/7/28 9:40:48, Inactive
451999, 1501234849, 2017/7/28 9:40:49, Inactive
452999, 1501234850, 2017/7/28 9:40:50, Inactive
453999, 1501234851, 2017/7/28 9:40:51, Inactive
455000, 1501234852, 2017/7/28 9:40:52, Inactive
455999, 1501234853, 2017/7/28 9:40:53, Inactive
456999, 1501234854, 2017/7/28 9:40:54, Inactive
457999, 1501234855, 2017/7/28 9:40:55, Inactive
458999, 1501234856, 2017/7/28 9:40:56, Inactive
460000, 1501234857, 2017/7/28 9:40:57, Inactive
460999, 1501234858, 2017/7/28 9:40:58, Inactive
461999, 1501234859, 2017/7/28 9:40:59, Inactive
462999, 1501234860, 2017/7/28 9:41:0, Inactive
464000, 1501234861, 2017/7/28 9:41:1, Inactive
464999, 1501234862, 2017/7/28 9:41:2, Inactive
465999, 1501234863, 2017/7/28 9:41:3, Inactive
466999, 1501234864, 2017/7/28 9:41:4, Inactive
468000, 1501234865, 2017/7/28 9:41:5, Inactive
468999, 1501234866, 2017/7/28 9:41:6, Inactive
469998, 1501234867, 2017/7/28 9:41:7, Inactive
470999, 1501234868, 2017/7/28 9:41:8, Inactive
471999, 1501234869, 2017/7/28 9:41:9, Inactive
472999, 1501234870, 2017/7/28 9:41:10, Inactive
473999, 1501234871, 2017/7/28 9:41:11, Inactive
474999, 1501234872, 2017/7/28 9:41:12, Inactive
476000, 1501234873, 2017/7/28 9:41:13, Inactive
476998, 1501234874, 2017/7/28 9:41:14, Inactive
477999, 1501234875, 2017/7/28 9:41:15, Inactive
478999, 1501234876, 2017/7/28 9:41:16, Inactive
480000, 1501234877, 2017/7/28 9:41:17, Inactive
480999, 1501234878, 2017/7/28 9:41:18, Inactive
481999, 1501234879, 2017/7/28 9:41:19, Inactive
482999, 1501234880, 2017/7/28 9:41:20, Inactive
483999, 1501234881, 2017/7/28 9:41:21, Inactive
484999, 1501234882, 2017/7/28 9:41:22, Inactive
485999, 1501234883, 2017/7/28 9:41:23, Inactive
487000, 1501234884, 2017/7/28 9:41:24, Inactive
487999, 1501234885, 2017/7/28 9:41:25, Inactive
488999, 1501234886, 2017/7/28 9:41:26, Inactive
489999, 1501234887, 2017/7/28 9:41:27, Inactive
490999, 1501234888, 2017/7/28 9:41:28, Inactive
492000, 1501234889, 2017/7/28 9:41:29, Inactive
492999, 1501234890, 2017/7/28 9:41:30, Inactive
494000, 1501234891, 2017/7/28 9:41:31, Inactive
494999, 1501234892, 2017/7/28 9:41:32, Inactive
496000, 1501234893, 2017/7/28 9:41:33, Inactive
496999, 1501234894, 2017/7/28 9:41:34, Inactive
497998, 1501234895, 2017/7/28 9:41:35, Active
498998, 1501234896, 2017/7/28 9:41:36, Active
499999, 1501234897, 2017/7/28 9:41:37, Active
